文件	行数	静态遍历	人工审查方式	SHA256
backend/classscribe/__init__.py	5	AST语法及结构遍历；Ruff检查	模块及关键符号审查	e30c19bb4460af8cea22248c208d7d6910e280d0b97642ca70e1f0afdcb12db9
backend/classscribe/activity.py	88	AST语法及结构遍历；Ruff检查	模块及关键符号审查	c7b1d8612e8a9308d152626ab9cd56d6a8549c42e03a445f313391cc24c84136
backend/classscribe/alignment/__init__.py	34	AST语法及结构遍历；Ruff检查	全文审查	60747636022168eaebb068294b9ba807d0f69214bf6ee5e45b8df1ee07f6d298
backend/classscribe/alignment/gate.py	101	AST语法及结构遍历；Ruff检查	全文审查	0acf5b1883a0ad1c72b8773ffae1495abf9cfc0369bddcd7a73ac807da895e97
backend/classscribe/alignment/models.py	62	AST语法及结构遍历；Ruff检查	全文审查	741e4e5b28b4d3745994a46a4fdc199f28e9e82a69bb41fa5c45588cd09fd874
backend/classscribe/alignment/persistence.py	111	AST语法及结构遍历；Ruff检查	全文审查	ddf78789234e93ece670e85f5db5bc176f5b4b2b1a147bf3ec5031ac5daf1a03
backend/classscribe/alignment/pipeline.py	106	AST语法及结构遍历；Ruff检查	全文审查	d2b7696a742281cdeea35b98f97d40d1964dc2f7cc2124d6fb5e2f6cb948c0c0
backend/classscribe/alignment/provenance.py	55	AST语法及结构遍历；Ruff检查	全文审查	8449df92fcf089040eea566c21e17fdced6923f316ecfda87d3242b4f672ca8d
backend/classscribe/alignment/rpc.py	97	AST语法及结构遍历；Ruff检查	全文审查	ee094a775fc07c49b47ba2cc8c5e017968653879d9d5d2080575983a25e18368
backend/classscribe/alignment/validation.py	79	AST语法及结构遍历；Ruff检查	全文审查	66016a4c78040c3c99b52f67c431ea6963ac053cd078d78d2fdd20230855e170
backend/classscribe/api/__init__.py	1	AST语法及结构遍历；Ruff检查	模块及关键符号审查	c2e773caea736b326d1587703b4e50a03fe63c3bc2c38f2dd3b0a0cd6604dee8
backend/classscribe/api/app.py	279	AST语法及结构遍历；Ruff检查	模块及关键符号审查	cf932ee6787c12bf416da10541d22903c10ab3d0a0b472c6d543143f1b314b89
backend/classscribe/api/routes.py	390	AST语法及结构遍历；Ruff检查	模块及关键符号审查	4ccf72d208f3b93570b1e57184411fd03af7f569271356510bb6fee1ab4eca60
backend/classscribe/api/runtime.py	101	AST语法及结构遍历；Ruff检查	模块及关键符号审查	91aed96507133f7baa977190330ea06c0b2c36cebbf9e28eb6a3c74b359ecc48
backend/classscribe/api/schemas.py	164	AST语法及结构遍历；Ruff检查	模块及关键符号审查	7a5689ac6f6af7e80dae7c76d17d9cd1ee054f1c38d752f4bc660255292f45a5
backend/classscribe/api/security.py	109	AST语法及结构遍历；Ruff检查	模块及关键符号审查	0f51ebed8bcb4ed02fb94450c7e4247840dd7c552997baaa4e6163b10db45df9
backend/classscribe/api/service.py	2317	AST语法及结构遍历；Ruff检查	模块及关键符号审查	9bdc93f30afac169200b2e6d4678db89224a0c10be870b7bedec540ab178ab58
backend/classscribe/asr/__init__.py	23	AST语法及结构遍历；Ruff检查	全文审查	88badc0c1f9933a6c910efd447326b8cd954380eb1b8931893e55f2ffa6f4fa0
backend/classscribe/asr/models.py	414	AST语法及结构遍历；Ruff检查	全文审查	6c6ac9aa5baa9b2507865635ca6746fb4d3f3b81dbe35685dec8136b2166f65f
backend/classscribe/asr/persistence.py	141	AST语法及结构遍历；Ruff检查	全文审查	e52a5fb67074f3a90c590c246a667a71a8c93b7f3d218fc6eeea7a5d5d30445b
backend/classscribe/asr/pipeline.py	184	AST语法及结构遍历；Ruff检查	全文审查	4f7b07024ab31f12cd271eff85808d8a307f7626a2adf1749251ec51958313c1
backend/classscribe/asr/variants.py	34	AST语法及结构遍历；Ruff检查	全文审查	dc211a78aec0bbdbbf7404e8a2a461707160359823feb969cca74dc574af954b
backend/classscribe/audio/__init__.py	85	AST语法及结构遍历；Ruff检查	全文审查	cdf0e06a50b9dd4c4abcec04055cc5afb02756b4f0a48816fc89ac9c2d650025
backend/classscribe/audio/lid.py	273	AST语法及结构遍历；Ruff检查	全文审查	2e6852b137308c37d02038a8d01520b1baac0c048cfbcf1dac92cc67923f6ca7
backend/classscribe/audio/media.py	382	AST语法及结构遍历；Ruff检查	全文审查	37f602fc53ee603644beb22e9fa15d137839b9ffc4d54706c63e120571f46bf4
backend/classscribe/audio/persistence.py	157	AST语法及结构遍历；Ruff检查	全文审查	d29bd9726195177787dd26b3ae8b03954dacedf4537b0eb003ccb6b8225cb29a
backend/classscribe/audio/pipeline.py	157	AST语法及结构遍历；Ruff检查	全文审查	88c21db932658749732299b446d01b9cf4bd0f6f3657e1ec9242391a62b686a4
backend/classscribe/audio/qc.py	265	AST语法及结构遍历；Ruff检查	全文审查	dcff7a1982c6e29b0de0ce36c74aebb6861aff42c75ca0a1d7dd6e1edb02f061
backend/classscribe/audio/segmentation.py	307	AST语法及结构遍历；Ruff检查	全文审查	cade76d2052941c35fc00dc8eba25318351edc172d711af64e47c962e6e3d574
backend/classscribe/audio/vad.py	230	AST语法及结构遍历；Ruff检查	全文审查	9c351129e4c433101f50be3d974ec91e279f5c95b3972a53669220c964b77f97
backend/classscribe/benchmark/__init__.py	69	AST语法及结构遍历；Ruff检查	全文审查	af16f561d8cce4ad29753e2a0b259bca36e05d40cdc3f29ff367b036a84aae51
backend/classscribe/benchmark/acceptance.py	137	AST语法及结构遍历；Ruff检查	全文审查	25f2786f95aa3d661a168bd454bf14e6012b36f2072e343b984636afad1cf88b
backend/classscribe/benchmark/calibration.py	237	AST语法及结构遍历；Ruff检查	全文审查	1c09b631095de44a13fbb15fbbc5322c11bc2d63349003b0f991e4fdb13d4827
backend/classscribe/benchmark/evidence.py	153	AST语法及结构遍历；Ruff检查	全文审查	8f4189721ead4f2cfa5f7e74441384274bade2132fa23e226525bb8f7142b43b
backend/classscribe/benchmark/metrics.py	493	AST语法及结构遍历；Ruff检查	全文审查	52ddf2415921eb1220267d4db640d4a7e3072313405e50e16915f2cbe9a2255f
backend/classscribe/benchmark/models.py	439	AST语法及结构遍历；Ruff检查	全文审查	287dd7a8f0e35c753aee6c27f4084b7e166a469b0ed2e0a6d195b7f9e51f7e1d
backend/classscribe/benchmark/normalizers.py	72	AST语法及结构遍历；Ruff检查	全文审查	92fcb87f65bdfaf045f1479f21834c4dbaab697ab6e9c76819fd8738c12ffc2e
backend/classscribe/benchmark/persistence.py	81	AST语法及结构遍历；Ruff检查	全文审查	024bd80c74d2b7551a5121890517217f7bcf0eeb349cbb9852a864036609c018
backend/classscribe/benchmark/ranking.py	163	AST语法及结构遍历；Ruff检查	全文审查	93762a1472fa4d2b5d18d639c883ecf2d3b608ac38564c9196dbba1a0a4d67b3
backend/classscribe/benchmark/runner.py	365	AST语法及结构遍历；Ruff检查	全文审查	1fbd856db9b90a672524a1e7e6ca97952c4fefc452af0b1343cc13c8621a9406
backend/classscribe/classroom/__init__.py	21	AST语法及结构遍历；Ruff检查	模块及关键符号审查	11becdbd56845c8a0fa1c61f54f836b7087e435aa28cda8bfdf2f3dfb0241d57
backend/classscribe/classroom/journal.py	60	AST语法及结构遍历；Ruff检查	模块及关键符号审查	090cc1709343755fcfe6f3160854624b5325a9cab94fe84c28b55c291e2a400b
backend/classscribe/classroom/pipeline.py	795	AST语法及结构遍历；Ruff检查	模块及关键符号审查	c35fa32044837b210a12872ab957a24614880c70b2cb3b6df59a942ddd2b1f55
backend/classscribe/classroom/production.py	2218	AST语法及结构遍历；Ruff检查	全文审查	06f9f855bf0b4c9a96033a71be569fc943d074fb1adeff38d5fbfee2ba753aa8
backend/classscribe/classroom/queue.py	23	AST语法及结构遍历；Ruff检查	模块及关键符号审查	385c2c84c8843636be367bde254e7f6f40ef8ef84b32e1640faa922e91f5dc0e
backend/classscribe/cli.py	56	AST语法及结构遍历；Ruff检查	模块及关键符号审查	c156302d99683480a28551127c670600a4836bcf680d364916cce7b1b460a32f
backend/classscribe/config.py	262	AST语法及结构遍历；Ruff检查	模块及关键符号审查	2be0b0f92c9c6c961bb52cc577855e40aa4a9333c84c63345a255e0e7ec024de
backend/classscribe/consensus/__init__.py	22	AST语法及结构遍历；Ruff检查	全文审查	9e1112ad8ed9d588d1770af48fc2a37a4f8c0b9135e6875c0fae64fe9718fffb
backend/classscribe/consensus/alignment.py	224	AST语法及结构遍历；Ruff检查	全文审查	f00d382eff5a5827975a134e12dad362494947c25dabb64592df7680edade7a0
backend/classscribe/consensus/models.py	115	AST语法及结构遍历；Ruff检查	全文审查	97909cf2d3870ba09d170dd36dd47ba05bd0661d334c01272694effe0bb782db
backend/classscribe/consensus/network.py	355	AST语法及结构遍历；Ruff检查	全文审查	1f0c2fba49472c244c0cac29b69433af038f591bbcd0971eee5e90398b362cd7
backend/classscribe/consensus/persistence.py	216	AST语法及结构遍历；Ruff检查	全文审查	d3f1c9d761f50d31e2e375018f46a0b410bcf82d1a0574ca6e1ad5ec323af23a
backend/classscribe/consensus/punctuation.py	115	AST语法及结构遍历；Ruff检查	全文审查	beba48d5ab087d316c1091ab6438ca6f70956ee0863f2ac7f3615d755f2fbbc1
backend/classscribe/contracts.py	29	AST语法及结构遍历；Ruff检查	模块及关键符号审查	25e31d61b6ded39e1a9159788c688b862cf00cce78c0790fcec037211021aa1b
backend/classscribe/db/__init__.py	10	AST语法及结构遍历；Ruff检查	模块及关键符号审查	71c267149cb4d512d73aec2d58ae4290790cb9a992178b106dcae14804e4119a
backend/classscribe/db/base.py	18	AST语法及结构遍历；Ruff检查	模块及关键符号审查	44f963b72cc9d27fc6337a0493e3774b63b400cdaba6e6497294acc35837399c
backend/classscribe/db/migrations/env.py	94	AST语法及结构遍历；Ruff检查	模块及关键符号审查	c04f3652deb19a232115ed2b143607442d95ce8673699b71ea222fe9efbbd482
backend/classscribe/db/migrations/script.py.mako	25	内容及模板/构建检查	模板全文审查	14835395d45370c6d7d45f9a41a864c4a09a48ddc7271961494a613d9d340110
backend/classscribe/db/migrations/versions/a8e2f1d9c704_add_stage10_api_state.py	120	AST语法及结构遍历；Ruff检查	模块及关键符号审查	cf3c85c181f5d6aa8d6bee2cac36a7103f21f805dfe6f97b81e34bd3d0475c34
backend/classscribe/db/migrations/versions/b12d940ac831_classroom_queue.py	26	AST语法及结构遍历；Ruff检查	模块及关键符号审查	ad9c3d76c2477212e55d3942813fd2c60b6c2b187157b8ad88f30a85c4421215
backend/classscribe/db/migrations/versions/cd1f31626e3e_initial_schema.py	386	AST语法及结构遍历；Ruff检查	模块及关键符号审查	e416f36e9e1d117a540ee4c16c080464f0052e352fdf138598db5c753e424202
backend/classscribe/db/migrations/versions/eeec80ee63cf_add_structure_evidence_and_speaker_.py	92	AST语法及结构遍历；Ruff检查	模块及关键符号审查	b9ab118ced88c8adf4b7b648a4e387a19fdae12c823c0181b7e7e9ef0b2e0106
backend/classscribe/db/models.py	665	AST语法及结构遍历；Ruff检查	模块及关键符号审查	b72ee8dbf86c02a2ea5ed7968baa2cb4e9211925c4612332a56d963a7288d14c
backend/classscribe/db/session.py	88	AST语法及结构遍历；Ruff检查	模块及关键符号审查	b095b1dcd08aee75d556b5e2e01b94ab858f08aaadd2a95cfa2ddbe738601d52
backend/classscribe/deletion.py	128	AST语法及结构遍历；Ruff检查	模块及关键符号审查	e9fe01b64e349885265de1fffbf99fda21d06073f1299da5fc97485b413c01e4
backend/classscribe/diagnostics.py	148	AST语法及结构遍历；Ruff检查	模块及关键符号审查	f23469dcaff1096b0464212d929f6c7f91c3d3171640560962c9638877c094e2
backend/classscribe/doctor.py	47	AST语法及结构遍历；Ruff检查	模块及关键符号审查	461f879b599ded9a8be7bfa0f7184013d270382a5128745d773b3ee3a4740e0c
backend/classscribe/errors.py	67	AST语法及结构遍历；Ruff检查	模块及关键符号审查	b0d3d94b9256a3a6c53f84284733b969d8f260630501df18cc3500fd8297ff41
backend/classscribe/exports/__init__.py	24	AST语法及结构遍历；Ruff检查	全文审查	3c93aee26f0ad320428fcd247b66b114ef24b6114f43906c4262b88af0deda2d
backend/classscribe/exports/models.py	114	AST语法及结构遍历；Ruff检查	全文审查	90f77d1e9e67ba0f097b3cf8f7442da0b126b3adb42f19694b7d3b8e184e4190
backend/classscribe/exports/renderers.py	281	AST语法及结构遍历；Ruff检查	全文审查	7bb9b00b479989708dccc8b3c69277bf5bd24a13a20ac356a1ef645fe71b12c3
backend/classscribe/exports/subtitles.py	208	AST语法及结构遍历；Ruff检查	全文审查	de8b6d789ae26a258c2b27e9a8e93d6a32432cf35888c4c3e726048d5f2bfc33
backend/classscribe/jobs/__init__.py	5	AST语法及结构遍历；Ruff检查	模块及关键符号审查	de18f060820184ca35828296de7d9c6b91314d894ed82771306c8d8ca95b11a5
backend/classscribe/jobs/audit.py	139	AST语法及结构遍历；Ruff检查	模块及关键符号审查	f282c312b5903dd10ddf56b66b97493d1c80ccf7ddf16cedca4c40c8d9388321
backend/classscribe/jobs/dictation.py	56	AST语法及结构遍历；Ruff检查	模块及关键符号审查	2e580f50677e1d089303b653e110da9747cc41a21e67bc1948d1fe702870b632
backend/classscribe/jobs/state_machine.py	333	AST语法及结构遍历；Ruff检查	模块及关键符号审查	4bacc68408da7c69196922f6ab3af68cf911495666c1f85f6fed962ec93a7e6c
backend/classscribe/models/__init__.py	73	AST语法及结构遍历；Ruff检查	全文审查	152b0fc22e6dd8fdea59530c9736c4c4e1687749b80e123aeaa9fc8af848e2cd
backend/classscribe/models/download.py	177	AST语法及结构遍历；Ruff检查	全文审查	215264e96ee99b473af13fe2c135c2b67d8edb1d5df29af13dadc42166a28259
backend/classscribe/models/environment.py	392	AST语法及结构遍历；Ruff检查	全文审查	ff6e30828670f40418df2576747064fe143ab81a427d4bd2739477a1e392a418
backend/classscribe/models/health.py	400	AST语法及结构遍历；Ruff检查	全文审查	4cec08d84bc1011ee484eabdb302e426de8b0b1d2d3ce3ae8cf24c7a8da69fc7
backend/classscribe/models/inference.py	476	AST语法及结构遍历；Ruff检查	全文审查	337f9aaf81509ebf0cd7530a3656987336e2723948e7bc97758d8dbc453b2337
backend/classscribe/models/licenses.py	35	AST语法及结构遍历；Ruff检查	全文审查	81016cd8360079ebc7fcf9ae10d149870eb395f0fab0bb92d58099e915f7c83a
backend/classscribe/models/manager.py	940	AST语法及结构遍历；Ruff检查	全文审查	d42c7fd5f515c61797421f894ce084f6bbbec407af635793f724dcf76d81190d
backend/classscribe/models/manifests.py	614	AST语法及结构遍历；Ruff检查	全文审查	066ee0fa975feff581990e0d6a202a42c486d203f264ce2efbb4befbde85dc65
backend/classscribe/models/registry.py	415	AST语法及结构遍历；Ruff检查	全文审查	92d08fc6cab0b1960fbb5bdb09d773615297f5ea584ad075b35132785de65211
backend/classscribe/models/resident.py	822	AST语法及结构遍历；Ruff检查	全文审查	136191a1989b5ed2f955f577e2e9dd1f5fd85baab5d74cac86df40e13e417a18
backend/classscribe/models/support.py	133	AST语法及结构遍历；Ruff检查	全文审查	5ce855b74ee69b3b1c3c5a7a597421e5c4f99dd259d7ce72726bab1f49054f77
backend/classscribe/models/worker_process.py	231	AST语法及结构遍历；Ruff检查	全文审查	35e3fcc38671eb664eeed63063788e88377ebedbbf49b2b36a99bc3dce25c85b
backend/classscribe/observability.py	162	AST语法及结构遍历；Ruff检查	模块及关键符号审查	74d99053ce004a28da06d9f6f3124e03850d65af8b22bb179583bfcc28722e7d
backend/classscribe/paths.py	145	AST语法及结构遍历；Ruff检查	模块及关键符号审查	bed57ea9a54a8773d78bb9cc33642a00f1536ecb7ce135ca2518d8fd57669d82
backend/classscribe/punctuation/__init__.py	36	AST语法及结构遍历；Ruff检查	全文审查	5f1a6985cd1e8b33e900702c6bf107c5ad86553e1afadd9f6565e0cd33bc831b
backend/classscribe/punctuation/boundaries.py	57	AST语法及结构遍历；Ruff检查	全文审查	a769c8f79418657f0073e30cb019371dfa7dc96016ff4df9a906c10b25e21b6b
backend/classscribe/punctuation/chinese.py	48	AST语法及结构遍历；Ruff检查	全文审查	80ddf3780b7b253786e24a2548b69caeebc5cc49b4dcd41037cccd1473fae290
backend/classscribe/punctuation/english.py	93	AST语法及结构遍历；Ruff检查	全文审查	13711e75738b53baa4c82f61838bd8f10bdc3ef68c070140617e42721276cc7f
backend/classscribe/punctuation/guard.py	30	AST语法及结构遍历；Ruff检查	全文审查	19a4ab89c76ce231cb4e17a3550a31908e04a96d8e6676af03e5a6c1a5a774fe
backend/classscribe/punctuation/japanese.py	114	AST语法及结构遍历；Ruff检查	全文审查	b6205059a406d2251a0deb5d81cfa87299b6adbf225b87c4542622700a7bfc7d
backend/classscribe/punctuation/models.py	45	AST语法及结构遍历；Ruff检查	全文审查	8c9f686e4481e7559c4bd903cb0e144f6ebc5a201c9d2df08211fd880bfae803
backend/classscribe/punctuation/persistence.py	64	AST语法及结构遍历；Ruff检查	全文审查	487e6afe3af2119f2f7bc6ab1a2b9e3bee6f0768ab75c40933343e459157fd7b
backend/classscribe/punctuation/rpc.py	50	AST语法及结构遍历；Ruff检查	全文审查	bddd87f00e3896017844f7207ffbc0d023b457888f3560ff8aa2381b1e618136
backend/classscribe/quality/__init__.py	28	AST语法及结构遍历；Ruff检查	全文审查	755652a26e44622634ded7a849599fe25d42363c3826eec95f11e71e9446769a
backend/classscribe/quality/features.py	390	AST语法及结构遍历；Ruff检查	全文审查	75db1ce1992562310521c7bd34d27d0b0069ce288e54c8b7833b4f4a14b32827
backend/classscribe/quality/language.py	149	AST语法及结构遍历；Ruff检查	全文审查	8c88bb0a1970d85d42a4874253e63a71c28ef617d496351ba9b0b58a75f08e48
backend/classscribe/quality/loop.py	139	AST语法及结构遍历；Ruff检查	全文审查	a6b7b2b77b49ac1e1016c98e9818beb2eee9fe36d01b7a0db476976c5e0417ca
backend/classscribe/quality/models.py	189	AST语法及结构遍历；Ruff检查	全文审查	8e26a85fc4a802cd32def32607f47296f8d7d72e080af7cbd2a091239d9b0a2f
backend/classscribe/quality/pipeline.py	109	AST语法及结构遍历；Ruff检查	全文审查	2aaf6bca94493d40d1b2705a0fc3a3e01b4f9db2f28489fbc6b327f794633f22
backend/classscribe/quality/recovery.py	236	AST语法及结构遍历；Ruff检查	全文审查	3b4f9975a4a035b4d2d9e03b6c11408297387718fed51a2311d0b634ac34243d
backend/classscribe/quality/retry.py	94	AST语法及结构遍历；Ruff检查	全文审查	63071299cfc524415ff67b479fc6fa8cb25d65b9121f78f654409841f55f0cf9
backend/classscribe/quality/routing.py	114	AST语法及结构遍历；Ruff检查	全文审查	d201d46e03a4f59b87202f946a4979d96cf40eb5d8686a8cb485aba06861e421
backend/classscribe/quality/text.py	67	AST语法及结构遍历；Ruff检查	全文审查	af755be2960eca460d2512285d6d679e42b4463909897767771025ea7b93e78e
backend/classscribe/recovery.py	181	AST语法及结构遍历；Ruff检查	模块及关键符号审查	e812837c453846d0fa7448aafb8f02585f1e0df3d7cfc7a68e27168717421ea5
backend/classscribe/release_check.py	1015	AST语法及结构遍历；Ruff检查	模块及关键符号审查	23676fc848b457af87d8a8a18bf25d6c075fe2f5beda947181c00798025f3ff2
backend/classscribe/resources.py	39	AST语法及结构遍历；Ruff检查	模块及关键符号审查	ae5357d14d1c4f4db587dad0c3eb11532daa5bf099918244f1090b1033ef5550
backend/classscribe/scheduler/__init__.py	32	AST语法及结构遍历；Ruff检查	全文审查	fe83f683d2c137a00082ecaaf22deb3d43adc8daa7c8104ebf3ae24b2a669699
backend/classscribe/scheduler/candidates.py	46	AST语法及结构遍历；Ruff检查	全文审查	24716f4a7dabeff84b070fe9a86e1831ae9a0f56e9907a666f13a129d5dd76ee
backend/classscribe/scheduler/gpu.py	493	AST语法及结构遍历；Ruff检查	全文审查	d06cd1a9064fba4eaf9aa35493f4a84c2447c88d9cd8e5a7be0e4427fc9a8734
backend/classscribe/scheduler/ipc.py	225	AST语法及结构遍历；Ruff检查	全文审查	1d572875eec86b039f0fb6d4c910fb8f0bd8adf8e78195a4ab56450ef7337a04
backend/classscribe/security.py	225	AST语法及结构遍历；Ruff检查	模块及关键符号审查	84ebf20e769b7675cf33e85d27732f327b0279dbf00cb279331e7895e7e46843
backend/classscribe/structure/__init__.py	17	AST语法及结构遍历；Ruff检查	全文审查	0bf2b7891a6359524016a6b8db3f0fcf2bb952d1057479b046e51928b69145d7
backend/classscribe/structure/anomaly.py	135	AST语法及结构遍历；Ruff检查	全文审查	f2cba08217944ac1aecf2592d1211bedd691b82c5d608f961622a0d7307f763e
backend/classscribe/structure/diarization.py	430	AST语法及结构遍历；Ruff检查	全文审查	5dfaf6cabd85df4510dd3a12f942ea472a5fe920878343d6f35b296e7feb710e
backend/classscribe/structure/models.py	264	AST语法及结构遍历；Ruff检查	全文审查	76905bb4cf06dc41d386fa5819868e3757436bebfbb1b077862b1bf7c6f65fc7
backend/classscribe/structure/persistence.py	277	AST语法及结构遍历；Ruff检查	全文审查	eaed100736dc0bce0a998633a2d888d6c6ff78221d75463fb15986274d343a80
backend/classscribe/structure/pipeline.py	557	AST语法及结构遍历；Ruff检查	全文审查	67a7abd3f8c776b84ee3364e10514084aad3607f373827dae60e4009f94a68fa
backend/classscribe/structure/stitching.py	617	AST语法及结构遍历；Ruff检查	全文审查	1c3307ec76832a8480355e7ece2814dd442f814cac5038a6ff3e4af82a588272
backend/classscribe/system_check.py	231	AST语法及结构遍历；Ruff检查	模块及关键符号审查	acad89ea2ac0d570cedfb8a1079af60f1975c6f8463b97eeac332ae91e8542cf
backend/classscribe/terminology/__init__.py	57	AST语法及结构遍历；Ruff检查	全文审查	fee4a51c255bb3004f766e2c71914e05ae4bde8b7cb518512608ed40806ca0b3
backend/classscribe/terminology/context.py	86	AST语法及结构遍历；Ruff检查	全文审查	f08518c62508cb3cbda54334d35800877a87098955c74a17311a0b6f1361186b
backend/classscribe/terminology/correction.py	115	AST语法及结构遍历；Ruff检查	全文审查	0ce4e87a7d3197797307e25912938c773aa59b6f0c299be11016224ad6a2dc2e
backend/classscribe/terminology/importers.py	184	AST语法及结构遍历；Ruff检查	全文审查	7f767fa9998a7c8bb6b543cdff57e502f34dcbea604031cf7588644ef9283731
backend/classscribe/terminology/models.py	182	AST语法及结构遍历；Ruff检查	全文审查	0152cd12a01fcab67312cf7ab5b9ce0f0967d39ea784bcacfdf762e0074b6286
backend/classscribe/terminology/persistence.py	129	AST语法及结构遍历；Ruff检查	全文审查	4becb8acb945c1db50f5b960e0f053df9282bac1672e868ac7e6744a288a85d7
backend/classscribe/timeline/__init__.py	120	AST语法及结构遍历；Ruff检查	全文审查	57606b666c89ca4702461e62b9f5c1c30027fdca21bc0266d59b050de231703a
backend/classscribe/version.py	3	AST语法及结构遍历；Ruff检查	模块及关键符号审查	ba210d8e74816673351d18681376357618e9cea80f69a2fe0b62eb6b9dc539c1
backend/classscribe/worker_sandbox.py	214	AST语法及结构遍历；Ruff检查	全文审查	ef8a22b7a978026eb0069d48a82d1dedbe422d8149b9476a442655127de52c04
docs/ManualTest/Phase1/fixtures/copy_vad_for_file_qa.py	56	AST语法及结构遍历；Ruff检查	模块及关键符号审查	82e44e14747c628978c6803b4fc5c0935f1186aadeff4651486dde472df14a37
docs/ManualTest/Phase1/fixtures/probe_diagnostics.py	59	AST语法及结构遍历；Ruff检查	模块及关键符号审查	154b79977d2809d6c8528ea285aa676ea7a406504d7c886322a78c1e1023306a
docs/ManualTest/Phase1/fixtures/probe_upload_api.py	88	AST语法及结构遍历；Ruff检查	模块及关键符号审查	dd6f90f7574c6875c38118f7e0adc82e0e75d8d488d43fa759a6408dbe041bff
docs/ManualTest/Phase1/fixtures/seed_pagination.py	75	AST语法及结构遍历；Ruff检查	模块及关键符号审查	b5a60952d3c61eeac4624e3a53199a7cfa07457af235958c02182858e4f6288e
docs/ManualTest/Phase1/fixtures/seed_transcript.py	129	AST语法及结构遍历；Ruff检查	模块及关键符号审查	5ffa867131c565abc3351ce6d98540eb0e8efc65225082dbd46130652a147a42
frontend/e2e/job-progress.spec.ts	97	内容遍历；前端类型/测试检查按各自配置范围	全文审查	93ec3d9178d4e789bb54f87f66b7ef264e93df9e88f16659840050146a55806a
frontend/e2e/manuscript-improvements.spec.ts	170	内容遍历；前端类型/测试检查按各自配置范围	全文审查	6739ee24185761aa3e3d9cc9a814aab18e03ba3b3e5d839998810bcce05e3892
frontend/e2e/workbench.spec.ts	335	内容遍历；前端类型/测试检查按各自配置范围	全文审查	66769db559d29decf12b0772dfd10a3b9699de9236362a27ed6ca86307802bbf
frontend/eslint.config.js	35	内容遍历；前端类型/测试检查按各自配置范围	全文审查	a62b5e7475d5018cb338f41e3706c08d2dc683b18a0689195c91171ba8c6df60
frontend/index.html	15	内容及模板/构建检查	全文审查	8807b1f08997606df8e9ac0891c220024a95d1b87f23d488bcef0dfcd8afc677
frontend/playwright.config.ts	13	内容遍历；前端类型/测试检查按各自配置范围	全文审查	a4f56bc9dabaf5f2a5674c725a416f9c6b2ec85540d4fc37d888863be6d7ddf5
frontend/src/App.tsx	192	内容遍历；前端类型/测试检查按各自配置范围	全文审查	8d20cbe87ceb5de281fbe2c3026504ef100aefba237634f51f3e5546467d8783
frontend/src/api.ts	418	内容遍历；前端类型/测试检查按各自配置范围	全文审查	e38810b1569d61f37c71f01a6e7e8f894183bca64d92a7af96c300e98cdae2ca
frontend/src/authStatus.ts	5	内容遍历；前端类型/测试检查按各自配置范围	全文审查	17fffc1d560712a8544eb2443421fc11a07c2846289a003c314fa1c4d84d96c1
frontend/src/batchImports.ts	226	内容遍历；前端类型/测试检查按各自配置范围	全文审查	dc2f5f7d31875e159d88b9db91398aec0b0fc7a1fda1af83718e9e00e92a5208
frontend/src/healthWav.ts	94	内容遍历；前端类型/测试检查按各自配置范围	全文审查	66f7c7d46440683f024114ac19f230c2361d28fb1dad76f8d3334a9b441370b4
frontend/src/main.tsx	21	内容遍历；前端类型/测试检查按各自配置范围	全文审查	fe241dac3300dbcdb1e4d8addad8cea107eb03c8c7615e478d52b4e7bd96f362
frontend/src/manuscripts.ts	20	内容遍历；前端类型/测试检查按各自配置范围	全文审查	53b33104f7588d975b4bcb708031553bb82909882ae353b32e25a45339057e6f
frontend/src/modelGuidance.ts	152	内容遍历；前端类型/测试检查按各自配置范围	全文审查	e2813163c69c2202dca0d2f0e98c74cc428ba6211b51f6e31fde5d1a8752f565
frontend/src/pages/ClassroomModelGuide.tsx	153	内容遍历；前端类型/测试检查按各自配置范围	全文审查	20c77e38cda297a7e018caeeb78d5802337ba7cb6ad25a2541995cb4fba6f176
frontend/src/pages/ExportsPage.tsx	306	内容遍历；前端类型/测试检查按各自配置范围	全文审查	b7b2a0cf25e1450fc9736da96f36f6e6dee87ae2519a5c65e25c0ddc83999b46
frontend/src/pages/GlossaryPage.tsx	569	内容遍历；前端类型/测试检查按各自配置范围	全文审查	4702a1bc33424011c2832293e3f239ba60edaca99f3041184aab5aac34b71468
frontend/src/pages/IBusPage.tsx	218	内容遍历；前端类型/测试检查按各自配置范围	全文审查	279162bdcd5d49086aac892132c5359319ca8c294e2aaf024d3663294026c81f
frontend/src/pages/JobPage.tsx	624	内容遍历；前端类型/测试检查按各自配置范围	全文审查	1822162ac1bcee9140da6d5af2cb9ff160bf9917f67a06431737bab702952731
frontend/src/pages/ModelPicker.tsx	258	内容遍历；前端类型/测试检查按各自配置范围	全文审查	0e7a91c3ce2dce962ca25e1539b10de5b75055c7e5b24286383c2cb8c4d50590
frontend/src/pages/ModelsPage.tsx	769	内容遍历；前端类型/测试检查按各自配置范围	全文审查	840f594a353d27694c2aa264f654211b68a6298173b0b28478e3941bf1180792
frontend/src/pages/QueuePage.tsx	191	内容遍历；前端类型/测试检查按各自配置范围	全文审查	73c8cec6a012695c7cef669eedf1673ab2a2f073eab90a2d5e65e33609b3d157
frontend/src/pages/SettingsPage.tsx	257	内容遍历；前端类型/测试检查按各自配置范围	全文审查	8b3be8a744ff4a3fb515955471dd65f5b8564fd6507baca9759ffdb032f9d6e1
frontend/src/pages/TranscriptPage.tsx	687	内容遍历；前端类型/测试检查按各自配置范围	全文审查	720be34d7ed696712a46b9165e9946b580a0bfc2023ada4b0acb2d02fde7cd68
frontend/src/pages/TranscriptsPage.tsx	177	内容遍历；前端类型/测试检查按各自配置范围	全文审查	08b564559e8ca7e5faa9d28f950d348b630e437e345b0cd0f8b2d926038297e5
frontend/src/pages/UploadPage.tsx	497	内容遍历；前端类型/测试检查按各自配置范围	全文审查	eefd6bc1d7f6a849363bff7394abd6758e889a31631625b1df5b16c6855bd380
frontend/src/store.ts	81	内容遍历；前端类型/测试检查按各自配置范围	全文审查	9fc1b39fe61f91d79820a95c38221bee1477d64de123abea5a6b77c884bb4a43
frontend/src/styles.css	1519	内容及模板/构建检查	全文审查	d32e124b617937bfc52ea482b5cde9481b4b9a52b5ee63b18709d74759cb26ac
frontend/src/transcriptSaves.ts	217	内容遍历；前端类型/测试检查按各自配置范围	全文审查	408cf99c6ed68cd987ba1ae82f1511686b809d4866ccaf25d84a4df951879d92
frontend/src/vite-env.d.ts	1	内容遍历；前端类型/测试检查按各自配置范围	全文审查	65996936fbb042915f7b74a200fcdde7e410f32a669b1ab9597cfaa4b0faddb5
frontend/tests/App.test.tsx	542	内容遍历；前端类型/测试检查按各自配置范围	全文审查	5e3514bd457b975e3af41a580566f31fbed95126b7307bd822dfb479e9a6eb61
frontend/tests/ClassroomModelGuide.test.tsx	116	内容遍历；前端类型/测试检查按各自配置范围	全文审查	7280eef5a4cb53168e9f2954178731df7743b11700b1004e70d6ea165bf26b8a
frontend/tests/ExportsPage.test.tsx	109	内容遍历；前端类型/测试检查按各自配置范围	全文审查	f61a85d830a620daf44149aa73319677a0b857c00406d60253abc227231e7092
frontend/tests/GlossaryPage.test.tsx	194	内容遍历；前端类型/测试检查按各自配置范围	全文审查	f2842d45382ecbd94b9f81c85faa36934315d49e9227a698584f0fe127828f87
frontend/tests/IBusPage.test.tsx	68	内容遍历；前端类型/测试检查按各自配置范围	全文审查	b008c6069b9bd827569320cfda69333f82683cc5c248310650955d15841b9da6
frontend/tests/JobPage.test.tsx	191	内容遍历；前端类型/测试检查按各自配置范围	全文审查	25857dbd5708796f2cab28d18309be6a977bdb6328f2a3618ef9f1df387a7623
frontend/tests/ModelPicker.test.tsx	127	内容遍历；前端类型/测试检查按各自配置范围	全文审查	e0201f44d205d43aa2e8df6a95bee1ba8cca12cc3bdf3f1ed067abae048f920d
frontend/tests/ModelsPage.test.tsx	336	内容遍历；前端类型/测试检查按各自配置范围	全文审查	0da0b275efbebcbbda35d89fe4a9aefb96a9cf62752ea92f3d0dc09dfcbf1d32
frontend/tests/QueuePage.test.tsx	70	内容遍历；前端类型/测试检查按各自配置范围	全文审查	5b10298e45afb78a7cbb76f6bc2b85d09075b243b76641afc4e24488ad32e9d5
frontend/tests/SettingsPage.test.tsx	90	内容遍历；前端类型/测试检查按各自配置范围	全文审查	aceb5d53895d718a27ef80a5aa4aa606d08a4b62ab369b58d6619ab5e19e76fd
frontend/tests/TranscriptPage.test.tsx	229	内容遍历；前端类型/测试检查按各自配置范围	全文审查	dacbcabf0ca64cfe17babd063edc3c6afc500c3049523bfa690a8206fad51466
frontend/tests/TranscriptsPage.test.tsx	111	内容遍历；前端类型/测试检查按各自配置范围	全文审查	87710122f8b42bc86a868e0e566822c2880a42d605d6eed573a4cd71e3488a08
frontend/tests/UploadPage.test.tsx	102	内容遍历；前端类型/测试检查按各自配置范围	全文审查	f43af0a91c339badb6a1b9c94048740804f5a10cb61880279d06755f8707c899
frontend/tests/api.test.ts	155	内容遍历；前端类型/测试检查按各自配置范围	全文审查	73b10be46d34e979c9e13ded80f966cd81f0037fdb020bbca181e6ab31ff17ea
frontend/tests/batchImports.test.ts	96	内容遍历；前端类型/测试检查按各自配置范围	全文审查	f542e2998e5a1fb821e5eed7f50fbd6baa151a9f938ffc1c2c0b7d32cdf0fa93
frontend/tests/healthWav.test.ts	72	内容遍历；前端类型/测试检查按各自配置范围	全文审查	97915e71e19ab03fe7838e2837fc19e17466b02d5198bc4ca59942d39e26dfbe
frontend/tests/jobEvents.test.ts	123	内容遍历；前端类型/测试检查按各自配置范围	全文审查	5eb4622d1c72e91deec02a53d96df9afcfaeb65f0fcfa90e66d09a0b0a98de04
frontend/tests/store.test.ts	19	内容遍历；前端类型/测试检查按各自配置范围	全文审查	65b59a0eb3d922df11f0ce082ab7b5667224f05e4bd5eb619da9c7d24fc05a2f
frontend/tests/transcriptSaves.test.ts	154	内容遍历；前端类型/测试检查按各自配置范围	全文审查	7047e8edf6aff043611246a99838f58a22247141984a15ca75ef09db415162a3
frontend/vite.config.ts	15	内容遍历；前端类型/测试检查按各自配置范围	全文审查	2e72db4a7a1c542aac72e3dc1b5b5dcbc962c4b2776083c5acc53eb8ff799d4e
ibus/dictationd/classscribe_dictationd/__init__.py	1	AST语法及结构遍历；Ruff检查	全文审查	6636b1576063abe49d2991a29ba85ecad091de8ef15126d74ef827e7f9745cb8
ibus/dictationd/classscribe_dictationd/daemon.py	581	AST语法及结构遍历；Ruff检查	全文审查	c06b0d7ba1f002251306c84ee286f08993fccd3bb301f9fc312ee7c030619039
ibus/dictationd/classscribe_dictationd/main.py	166	AST语法及结构遍历；Ruff检查	全文审查	c97dd3741a4c76503db08c5ca2ec952f676176ab99c6c8a1ceb44d8b9ab1904b
ibus/dictationd/classscribe_dictationd/runtime.py	865	AST语法及结构遍历；Ruff检查	全文审查	ea135748fa040fc1314ee1b0138086d1deab42a9b344c6cecbae751c49de46b1
ibus/dictationd/classscribe_dictationd/session.py	282	AST语法及结构遍历；Ruff检查	全文审查	97940fd6b02e375f5b13162afa67ef6b0dc33c8b0b523a0915c1b5e8d1d18740
ibus/dictationd/classscribe_dictationd/streaming.py	252	AST语法及结构遍历；Ruff检查	全文审查	79428dac7362b4738d66e14f32900907d057b2e3077f672547a3ee160affd928
ibus/engine/classscribe_ibus_engine/__init__.py	1	AST语法及结构遍历；Ruff检查	全文审查	b6700d11a06777f0289ba706753873ec3d790b140f1ee021317361badd98f04f
ibus/engine/classscribe_ibus_engine/controller.py	222	AST语法及结构遍历；Ruff检查	全文审查	56b5d985d8d696c89b494f53de617561104b8cefabd78bc8623b434a8e40b97d
ibus/engine/classscribe_ibus_engine/main.py	37	AST语法及结构遍历；Ruff检查	全文审查	1650b53b92079ce9a9731639fa0c6268aa1165ed5c6a49a0f21cb3625d744b00
ibus/engine/classscribe_ibus_engine/runtime.py	174	AST语法及结构遍历；Ruff检查	全文审查	f827453fa93595ae7af4fcab190b2382e14ce3b48579e7cc8def74853eacd09d
ibus/hotkey_portal/classscribe_hotkey_portal/__init__.py	1	AST语法及结构遍历；Ruff检查	全文审查	db9f908b3d4ec030c2c26af5d087ca23f9f462d4e7dd3f11b506abb2d0f7b6ef
ibus/hotkey_portal/classscribe_hotkey_portal/main.py	36	AST语法及结构遍历；Ruff检查	全文审查	c9d87d92c3c78b96422f3c7acf081cd75572734bf581840d70fff0ef4817f024
ibus/hotkey_portal/classscribe_hotkey_portal/runtime.py	299	AST语法及结构遍历；Ruff检查	全文审查	f6c5099537d5bdf1ecb440b9e79c4b8320c0b802b7f9457beda6be565aa9a3a0
packaging/desktop/classscribe-launcher	15	脚本内容与启动边界检查	模块及关键符号审查	94a847a3484b5ce268d21162cc7cf2a2c7576151b3f530c064eb5473755573f2
packaging/rpm/classscribe-benchmark	6	脚本内容与启动边界检查	模块及关键符号审查	d84f30416c1c278dacc90c86ae0231044020e44a788d204f1ae22c757709a243
packaging/rpm/classscribe-core	6	脚本内容与启动边界检查	模块及关键符号审查	ffa77a358aaf5114424c2918048daff6941b7eb0b79c9a02ecd84a10b4331de7
packaging/rpm/classscribe-dictationd	6	脚本内容与启动边界检查	模块及关键符号审查	6d1e87921697dbb365121c63b3dfa10243ecde6475c4d1bb4648bc8d9cb683ce
packaging/rpm/classscribe-doctor	5	脚本内容与启动边界检查	模块及关键符号审查	bccab9a56a2676e53429debc316712b63b46ce1d5dbc50e8c3246f54c31e64eb
packaging/rpm/classscribe-hotkey	6	脚本内容与启动边界检查	模块及关键符号审查	57f886f234beff9d7f180dc128628e010607e269917c3d5aec50ebe79e293da3
packaging/rpm/classscribe-release-check	6	脚本内容与启动边界检查	模块及关键符号审查	2149e153b51f6174a6aef2be2aabad988519ffe6a469354aa93613bc6063b4a3
packaging/rpm/ibus-engine-classscribe	6	脚本内容与启动边界检查	模块及关键符号审查	bf77ce917a25d42b6e21ddada97a7fa77a32b10ee3455439351b2a652cbb94ff
protocol/contract_tests/__init__.py	1	AST语法及结构遍历；Ruff检查	测试结构及断言审查	782ed5b37feb974bd81c7eb016cfcf3c4f1fb86ef82f7a783dbc5f7a5a910bf3
protocol/contract_tests/test_protocol.py	73	AST语法及结构遍历；Ruff检查	测试结构及断言审查	e67341a27f21d2eaa3eee1c51901afdeaf319fea7782514c96d5ed2ebba7ecbf
protocol/contract_tests/test_rpc_v1.py	447	AST语法及结构遍历；Ruff检查	测试结构及断言审查	7c04d1d09169c91ab3603c5a68d6cca26a7b6a31e75ef0ff39658600d944b6da
protocol/python/classscribe_protocol/__init__.py	82	AST语法及结构遍历；Ruff检查	全文审查	0394d554cfdb4dc8e5951cef8900619653e1153232c590ae80f32a4192fa33ec
protocol/python/classscribe_protocol/adapter.py	122	AST语法及结构遍历；Ruff检查	全文审查	50e6f3daea79a71177198ffdb450f5c5d5058c97d3ead7c3ddad56320a7f0257
protocol/python/classscribe_protocol/batch_audio.py	216	AST语法及结构遍历；Ruff检查	全文审查	c48523ffb8699a278794d94e0acab7f32e7a96e8cf3d6f52cec3548184d4d443
protocol/python/classscribe_protocol/cuda.py	30	AST语法及结构遍历；Ruff检查	全文审查	16a7a1d46ba73dd8ff8063bc11e75fa9b97cd01c5142a54bedd727a917a6c798
protocol/python/classscribe_protocol/dictation.py	209	AST语法及结构遍历；Ruff检查	全文审查	9cea5f0ccbd9c637aa545df3f77cc2e4954d87e7f410d1dbc7234682629e131b
protocol/python/classscribe_protocol/dictation_ipc.py	97	AST语法及结构遍历；Ruff检查	全文审查	dfa51160058d8416a5f8e357a9695292303df54bf0c60fdb0e9bcddbac32544c
protocol/python/classscribe_protocol/envelope.py	46	AST语法及结构遍历；Ruff检查	全文审查	998d2f9a3f7d37de966188d29c6a3920417db98c035efdba7492469ac12e5894
protocol/python/classscribe_protocol/framing.py	56	AST语法及结构遍历；Ruff检查	全文审查	b723928974ad2f1a8eff9c137e921fda375b2d04e57179a1d531793e39e155e5
protocol/python/classscribe_protocol/messages.py	568	AST语法及结构遍历；Ruff检查	全文审查	4fbd6150dd8cfd10a99e636081ff53b96633b9c040974d773a83c810403888d5
protocol/python/classscribe_protocol/resident_workers.py	271	AST语法及结构遍历；Ruff检查	全文审查	651eb3ae9d83e93fd19817f0d5cf9e79241366a6d5003020008ead0d1d523711
protocol/python/classscribe_protocol/rpc.py	289	AST语法及结构遍历；Ruff检查	全文审查	1761e6e47aa9dcaf56508a475efed73e1ab2a3e16c38cdbd75d956e5a2053e9f
protocol/python/classscribe_protocol/version.py	7	AST语法及结构遍历；Ruff检查	全文审查	a514f5c9199b783dae8770544d6d9e68aa45869d76c5ee18aeefaefbf7dd2bf9
protocol/python/classscribe_protocol/worker_main.py	71	AST语法及结构遍历；Ruff检查	全文审查	3765bb212e5fc7637d41bccc13b991239f1c47f9e92cabbcd4b27ace52b5a551
scripts/__init__.py	1	AST语法及结构遍历；Ruff检查	模块及关键符号审查	ef377dfe7523e2ff1c56d5982f788f6cce751e33f5b9d2dc37b277bbeda6ff6c
scripts/check_architecture.py	268	AST语法及结构遍历；Ruff检查	模块及关键符号审查	db3aea1496bf95edafc061c28dafdbe34b9eee902cd1683a88b4600aa8f1fd49
scripts/materialize_regression_audio.py	113	AST语法及结构遍历；Ruff检查	模块及关键符号审查	e81d07b20a3ea7fece0a4e11161d7bf06a20be85befc718e90a20431144eb904
scripts/run_benchmark.py	108	AST语法及结构遍历；Ruff检查	模块及关键符号审查	0c934e24537cebcabdd6ccfe0c6a0f75ff5e13f8fa6b6ef533b4a83211840020
scripts/validate_ibus_desktop.py	146	AST语法及结构遍历；Ruff检查	模块及关键符号审查	72345fb1d04954bfacc2e681046a614b1476be07e4de9f8e1065d8dd26406c6d
scripts/validate_phase12_acceptance.py	74	AST语法及结构遍历；Ruff检查	模块及关键符号审查	a4f8f1b0117aac9ab1e43db7b1f975c643d09b729ff74a2dc2590840c5a25bd9
scripts/validate_release.py	61	AST语法及结构遍历；Ruff检查	模块及关键符号审查	9189c542c855dcbd33114aa085bedead5b7a8b8cd3c12da3383ac7fa1878f879
tests/__init__.py	1	AST语法及结构遍历；Ruff检查	AST遍历及所属测试套件执行，未逐行人工审查	badb72f85257fc87b51bd9f0bd0710b1bfc8107dd8bde341622c7a50586bff9f
tests/conftest.py	21	AST语法及结构遍历；Ruff检查	AST遍历及所属测试套件执行，未逐行人工审查	4edf0cc8cc760766c20157e312e12cb9ab06175bd659f79f20930e1942c8d9b8
tests/contracts/__init__.py	1	AST语法及结构遍历；Ruff检查	AST遍历及所属测试套件执行，未逐行人工审查	635e971e6d73f0740bb8db27d0fcb8fcf7eb59ffd888206ee5c5efc2d657c1ba
tests/contracts/test_model_manifest_schemas.py	228	AST语法及结构遍历；Ruff检查	测试结构及断言审查	c2ae8a90423f703da06dab0cc38987c2d53a7b018775f7bd37b724be12818ec7
tests/contracts/test_protocol_schema_alignment.py	51	AST语法及结构遍历；Ruff检查	测试结构及断言审查	004ec80e381d77f867f7d87a5e7c063b315a05bd7bac2f2b87432efefbd11aca
tests/contracts/test_stage0_product_contract.py	123	AST语法及结构遍历；Ruff检查	AST遍历及所属测试套件执行，未逐行人工审查	d43e67e6dd3d7046f5af7d5be3b92945fff89ea4007ffdca1c978fcfaac6e75a
tests/e2e/test_stage3_clean_xdg_start.py	60	AST语法及结构遍历；Ruff检查	AST遍历及所属测试套件执行，未逐行人工审查	0f8606308fc589f370ecc5c1e17ab164a0cf04ad833fe80510dd2a0bb0a46462
tests/integration/test_api_v1.py	2116	AST语法及结构遍历；Ruff检查	AST遍历及所属测试套件执行，未逐行人工审查	3b638a58d178c229f423c0239be618ae8d29d15d2db26af8d4197e039f3be773
tests/integration/test_asr_persistence.py	133	AST语法及结构遍历；Ruff检查	全文审查	791435f6af0bb8b3bb4249da55c7f14ab71dce9e2e5e04473d1d053ddd993e63
tests/integration/test_audio_formats.py	79	AST语法及结构遍历；Ruff检查	全文审查	6de0302c0de0c61ecf8586c8c5d76a0cd128fce2c5e3ac40dfde6842bf691f8b
tests/integration/test_audio_persistence.py	167	AST语法及结构遍历；Ruff检查	全文审查	4923fc866f62431cb7cd1ebe417b441b7fa5020e6f955d6b0628976b2e0f1fe4
tests/integration/test_audit_and_locking.py	171	AST语法及结构遍历；Ruff检查	AST遍历及所属测试套件执行，未逐行人工审查	be5dea8d490cf41a130932b3c0d924102ffc5bc4f6d3330a23395c2dbca068db
tests/integration/test_body_asr_workers.py	619	AST语法及结构遍历；Ruff检查	测试结构及断言审查	411e4e4637c34993e2117bd229423f35a20dd19dc7fbd7807c01642c221f7c6f
tests/integration/test_bug_audit_production.py	343	AST语法及结构遍历；Ruff检查	全文审查	24b3c2aced3955dfac93015b1228db53b52da72a67039eb6a7e659309b5f0858
tests/integration/test_cuda_worker_sandbox.py	47	AST语法及结构遍历；Ruff检查	测试结构及断言审查	fe0582b6138c7790e86664b7c6ea4bb26b021831eef43c4d7bbb25e591857509
tests/integration/test_database.py	358	AST语法及结构遍历；Ruff检查	AST遍历及所属测试套件执行，未逐行人工审查	25c5f4a5b40254734c88fda32ab64cbfbb497505dffd21b972c1d0e25e0c5f12
tests/integration/test_deletion.py	138	AST语法及结构遍历；Ruff检查	AST遍历及所属测试套件执行，未逐行人工审查	ccd9839fb29ec6eaabd1d8d6a13a8d885453589af978409da3b3c7fcc489ff97
tests/integration/test_postprocess_persistence.py	175	AST语法及结构遍历；Ruff检查	全文审查	984c278c30de2da37e34c2f72bd117c41af36492e1b72ce83a8acd51365aaf53
tests/integration/test_postprocess_workers.py	183	AST语法及结构遍历；Ruff检查	测试结构及断言审查	015579f6e70d6093bb68551508572de9cc56c61f6abaa29b706b0af68f77151c
tests/integration/test_process_health.py	63	AST语法及结构遍历；Ruff检查	测试结构及断言审查	e88fb56eb0814dda6ed15034dfbcaf5ac1710581c261f2a4df1580abd07768a9
tests/integration/test_production_classroom.py	470	AST语法及结构遍历；Ruff检查	全文审查	f431dba0462b8d2fd0f7dde272cac8946bf09ee804a507d6599b9844bc189c67
tests/integration/test_quality_consensus_persistence.py	261	AST语法及结构遍历；Ruff检查	全文审查	298440f3f05d328c03e1138258ae06edea74e4ec0c1f2a29d588dfafec689d38
tests/integration/test_real_model_worker.py	150	AST语法及结构遍历；Ruff检查	AST遍历及所属测试套件执行，未逐行人工审查	492a3f4dbed44e93194b1666120ecc5ae4e203d5f21a8838c6f4862b0668a746
tests/integration/test_repetition_recovery.py	133	AST语法及结构遍历；Ruff检查	全文审查	a09f511ce1fdd0168950ce7ae98b6e2cd92c4fb87e5247fb3220e5e800f61a41
tests/integration/test_stage3_packaging.py	318	AST语法及结构遍历；Ruff检查	AST遍历及所属测试套件执行，未逐行人工审查	7a099150a80df5cf4ec3c14fdf70545091cba2ab10b3ebcd7e67e91cb706ef74
tests/integration/test_streaming_workers.py	750	AST语法及结构遍历；Ruff检查	测试结构及断言审查	99d12cb3dff8c671fd03e59b67678f8036fed85535e2d54ae59e6f3a7d7a0e68
tests/integration/test_structure_persistence.py	152	AST语法及结构遍历；Ruff检查	全文审查	9734dcb25027913624ad25cdc09f57ff2b710276ccf2b2930ad66f516c25df78
tests/integration/test_structure_pipeline.py	418	AST语法及结构遍历；Ruff检查	全文审查	05baf9ef459ad7360bd012fd32ad3be5062b12095766d0e9ca1e57e4987a17c7
tests/integration/test_structure_workers.py	271	AST语法及结构遍历；Ruff检查	测试结构及断言审查	15718eab16edb88c6cbbc5033ab6a1a51ce4b838946e3781d9378e4ca32c26f2
tests/integration/test_worker_process.py	202	AST语法及结构遍历；Ruff检查	测试结构及断言审查	1ce15be2b20dd625d15288c05a63e7dd2c4f67adcc1d39f6b68653030be0dbb1
tests/unit/__init__.py	1	AST语法及结构遍历；Ruff检查	AST遍历及所属测试套件执行，未逐行人工审查	3b2bec5485bb3fb3bb29a41ff8b1d86feb92bbc6587a20491c94a0b29d2a195b
tests/unit/test_activity.py	53	AST语法及结构遍历；Ruff检查	AST遍历及所属测试套件执行，未逐行人工审查	9890f70ea4cf67d4cadb3218a932e6c4025412e23f716cbd12f3124ab3fe199b
tests/unit/test_alignment_exports.py	314	AST语法及结构遍历；Ruff检查	全文审查	776b52ac2629421cffd2d486e93d5ce05e1e9c20499be1d4ca787a9451c6dab5
tests/unit/test_api_runtime.py	66	AST语法及结构遍历；Ruff检查	AST遍历及所属测试套件执行，未逐行人工审查	9d2b5dab1f00847c2776d6efc88eaa51fbf9cc48daa1af5081b4d235a23fa7dc
tests/unit/test_architecture.py	7	AST语法及结构遍历；Ruff检查	AST遍历及所属测试套件执行，未逐行人工审查	0f2947272310a2237d98ed86f917882a1b950845f294dae33c492146ea08c943
tests/unit/test_audio_media_qc.py	198	AST语法及结构遍历；Ruff检查	全文审查	26cc0332a7137c09ac59d900cc734c298d1588e9d5cf9835465ac29261b40c6f
tests/unit/test_audio_pipeline.py	122	AST语法及结构遍历；Ruff检查	全文审查	ea4f64b232e1fe11c7bbcad83c8be2bace19ca01c25d5c60419380d2de323a0d
tests/unit/test_audio_vad_lid_segmentation.py	317	AST语法及结构遍历；Ruff检查	全文审查	f6d56a2b0a460eebe855a386ce2a138034f60240f42d642764d31189073877ac
tests/unit/test_benchmark.py	632	AST语法及结构遍历；Ruff检查	全文审查	17a8bce00bb471426a6c0cbcc7710f5f14cf97bc280a3dd4abec0920059511e2
tests/unit/test_body_asr.py	349	AST语法及结构遍历；Ruff检查	全文审查	4420c0173a5012a23d17640e8fd2f04bac5d21c10359159c22fc7dba4651f29e
tests/unit/test_classroom_lid.py	124	AST语法及结构遍历；Ruff检查	全文审查	96688effae9f0a89941901adcb69a9d77709a3e4d3c74b728bb03dc6a108627b
tests/unit/test_classroom_pipeline.py	519	AST语法及结构遍历；Ruff检查	AST遍历及所属测试套件执行，未逐行人工审查	5daa13bd45997f51d28889e604ea92320eeae075e24494719fe5bacd6cbada32
tests/unit/test_classroom_queue.py	178	AST语法及结构遍历；Ruff检查	AST遍历及所属测试套件执行，未逐行人工审查	44da41281121614b6bdfb4a1c797b06259854c5c87b72af22b84d35912eaabf9
tests/unit/test_cli_entrypoints.py	125	AST语法及结构遍历；Ruff检查	AST遍历及所属测试套件执行，未逐行人工审查	610f25d419d59aa6a5bd2e368d99e40c0e149f15fd7413c50a2888f089fb14ed
tests/unit/test_config.py	99	AST语法及结构遍历；Ruff检查	AST遍历及所属测试套件执行，未逐行人工审查	645c4053626aac5515a1cf599d27ae79043ed44b4fff95a7eeaa5d121accf8f5
tests/unit/test_consensus.py	400	AST语法及结构遍历；Ruff检查	全文审查	471448880cbbf673388c8c01c3c6114f8edb25ebfd9ed84746718532a27747b3
tests/unit/test_database_log_privacy.py	20	AST语法及结构遍历；Ruff检查	AST遍历及所属测试套件执行，未逐行人工审查	50a4c869f18c2bf753d6de3560b772f549e134757d9a33c5c312b9846635e2f0
tests/unit/test_dictation_privacy.py	89	AST语法及结构遍历；Ruff检查	全文审查	d8067c4b123f876a26ba34c380f46b23e122fbe4458d9e406abdfb3eef3fbefc
tests/unit/test_gpu_scheduler.py	244	AST语法及结构遍历；Ruff检查	测试结构及断言审查	dc070a3b1005e3def3bec0e3cf087e09ddcf943cd015e6848c4e66c4c5731dfe
tests/unit/test_job_state_machine.py	221	AST语法及结构遍历；Ruff检查	AST遍历及所属测试套件执行，未逐行人工审查	8a31b7baa70133ea6e3777ce9fe82a30cd57444e6c21fae88d40f9edc330d720
tests/unit/test_model_download.py	128	AST语法及结构遍历；Ruff检查	测试结构及断言审查	12df447b4a14e92fd7a31b2b1ed1138bbf93e376e05ad90f25d974e1b84414a6
tests/unit/test_model_health.py	223	AST语法及结构遍历；Ruff检查	测试结构及断言审查	a29baae44c6478da2b9ab61428b836d2f215a03c58ea35327d81380be454d997
tests/unit/test_model_inference.py	601	AST语法及结构遍历；Ruff检查	测试结构及断言审查	7f2807acfea1aab7a59dd1ba4e3af079147e6900dc619551072371df425de83e
tests/unit/test_model_manager.py	849	AST语法及结构遍历；Ruff检查	测试结构及断言审查	a2aee72b8ecb812ef7efa9050430c8ef6ed1715907847e2693478aaba7e8c488
tests/unit/test_model_manifests.py	400	AST语法及结构遍历；Ruff检查	测试结构及断言审查	7e433ce35f1b627b08a8a230791b58b4f76a7283e569489db365e5e5699058d6
tests/unit/test_model_registry.py	155	AST语法及结构遍历；Ruff检查	测试结构及断言审查	bfae7656a215d4c1cad83f402ecd6ea3104bca2dcda85768594b9788257d15cb
tests/unit/test_model_support.py	79	AST语法及结构遍历；Ruff检查	测试结构及断言审查	94592f1b364f02c66bfcdfd6715247b683a57b29fdfc996f4643a8d0aac8001f
tests/unit/test_observability.py	131	AST语法及结构遍历；Ruff检查	AST遍历及所属测试套件执行，未逐行人工审查	bd1981876b6b218382779d8d9481bffef7d2144d02aac40f906dbc8ed54f9036
tests/unit/test_paths.py	109	AST语法及结构遍历；Ruff检查	AST遍历及所属测试套件执行，未逐行人工审查	ecd7a82da3df78186941f59c6583529e67e4335bc731076ed102d85cee3dc58c
tests/unit/test_production_runner.py	239	AST语法及结构遍历；Ruff检查	全文审查	b031fdfc00619ede5786662844b6e3d3d9cba65869423db0b2d7e8ec2682ff2f
tests/unit/test_quality_gate.py	358	AST语法及结构遍历；Ruff检查	全文审查	fb86a63ff21b0427fb3ee8508b5f90fe81c4564181853abf062cb7f3851255bf
tests/unit/test_realtime_pcm_rpc.py	124	AST语法及结构遍历；Ruff检查	测试结构及断言审查	9da6aa358e2dbba1653185eb3ee835eb036967e4da0ab73d4d7f28395f8216b4
tests/unit/test_recovery.py	145	AST语法及结构遍历；Ruff检查	AST遍历及所属测试套件执行，未逐行人工审查	df6902292e5440853508ea8bf2d4cd97ac21f414bffe90ddd117f49abcdae3b4
tests/unit/test_release_check.py	368	AST语法及结构遍历；Ruff检查	AST遍历及所属测试套件执行，未逐行人工审查	a89a8686ac36b081cf56a7eebb086fd996bf9cc2b648d4ecee0d0d7ed8f8b585
tests/unit/test_resident_workers.py	851	AST语法及结构遍历；Ruff检查	测试结构及断言审查	bfa452b41619717b54dbd8b908388b04c8ba41f48f4b725125f610dba46b089c
tests/unit/test_security.py	272	AST语法及结构遍历；Ruff检查	AST遍历及所属测试套件执行，未逐行人工审查	74d3e8616d80d34a8c36e23c256d543346adc2d909e886d3740bd991adc4b52b
tests/unit/test_speaker_stitching.py	149	AST语法及结构遍历；Ruff检查	全文审查	d38754b368e93558600244d02d47422fe1469a735cb49a0446b3a1a5e4d8c99b
tests/unit/test_stage11_dictation.py	1127	AST语法及结构遍历；Ruff检查	全文审查	2dfbb8f43725244942ebd4c105c0cecacf524ded73b16454574a0ee01dbee5ea
tests/unit/test_structure_diarization.py	148	AST语法及结构遍历；Ruff检查	全文审查	e60b1446b45eb85e711b289c79a785602c66059db1485b3e767e1ff4e69e06c8
tests/unit/test_structure_models.py	173	AST语法及结构遍历；Ruff检查	全文审查	0352bc1104fd48f8bf38f329e928e8feda2ed8e9cbf28442d59e6ac87fd54062
tests/unit/test_system_check.py	111	AST语法及结构遍历；Ruff检查	AST遍历及所属测试套件执行，未逐行人工审查	0897351de0fee211deda4d60dfc74ae4def7a5c1f2e689c6003c4e9d7c197209
tests/unit/test_terminology_punctuation.py	221	AST语法及结构遍历；Ruff检查	全文审查	826655b07b5f490b9f75b531873249b4a277f933823c57608f47e83a26616b3d
tests/unit/test_timeline.py	69	AST语法及结构遍历；Ruff检查	全文审查	4b2cf5dbc34179a40a69c34ea2ca72e256ab62abf6a2e2f77c4cfa5870029a0a
tests/unit/test_validate_ibus_desktop.py	20	AST语法及结构遍历；Ruff检查	全文审查	a5c6909cf84a84339d1b7ebe1c12596fdd7c9065eb607d5335ba7fa5dee576c0
tests/unit/test_worker_environment.py	332	AST语法及结构遍历；Ruff检查	测试结构及断言审查	874475fe380bcb96cabc4b22f196b04dee6a3ca72f3fc8ba597800ac868b6902
tests/unit/test_worker_sandbox.py	154	AST语法及结构遍历；Ruff检查	测试结构及断言审查	425abd9dcdd1b3f7b9ee3e75b7cdb081985ae6e8728bef7f215f2fa70e1c1277
tools/model-manifest/classscribe_manifest_tool/__init__.py	6	AST语法及结构遍历；Ruff检查	模块及关键符号审查	3a761b4b6c962d4bc9dc66326569ad82427f692c4d72b4e6b841e809c71d7362
tools/model-manifest/classscribe_manifest_tool/cli.py	229	AST语法及结构遍历；Ruff检查	模块及关键符号审查	449f64c0779bcfcad69177426edd3da293776c42971e072247aa99ce5fa49e02
tools/model-manifest/classscribe_manifest_tool/credentials.py	129	AST语法及结构遍历；Ruff检查	模块及关键符号审查	42b16516ef316ede48ecf7ef421fabe8007a6b97a45b9b16c55d9a15270f50b9
tools/model-manifest/classscribe_manifest_tool/discovery.py	262	AST语法及结构遍历；Ruff检查	模块及关键符号审查	25bcd352d1f34d963c4b4f954ae30e29ed2ef314607d1bd7690ae349babf0887
tools/model-manifest/classscribe_manifest_tool/generator.py	1124	AST语法及结构遍历；Ruff检查	实现或测试全文审查（generator/verifier分段合并）	83c0d83ece5c1ffe88b4af72af4677da3a440a7e6ed385b1e997b77b0bb022a9
tools/model-manifest/classscribe_manifest_tool/inputs.py	403	AST语法及结构遍历；Ruff检查	实现或测试全文审查（generator/verifier分段合并）	9e8c2ce1f8f933c591921aab4d47680125af36fc9b3222d232b07f12a09eef50
tools/model-manifest/classscribe_manifest_tool/network.py	50	AST语法及结构遍历；Ruff检查	模块及关键符号审查	23492a270242807971deeaeed1882fd383828483c9681cd5c6f74fd3563b65fe
tools/model-manifest/classscribe_manifest_tool/selection.py	177	AST语法及结构遍历；Ruff检查	模块及关键符号审查	8e7d35401d837c41a8f8c952cad3d8ceb7477040b507be95957986f3a3b9ca9d
tools/model-manifest/classscribe_manifest_tool/support.py	144	AST语法及结构遍历；Ruff检查	模块及关键符号审查	313c0ec3f602d3b27be5c7e049ec7a194c8cca3b4c24b3d7bdef9c86ea7dded6
tools/model-manifest/classscribe_manifest_tool/verifier.py	479	AST语法及结构遍历；Ruff检查	实现或测试全文审查（generator/verifier分段合并）	96dd6cba00fb4f1abeeb08e424903ba5eb162c840fdf0a6383eb8ca8533a7a02
tools/model-manifest/classscribe_manifest_tool/workspace.py	52	AST语法及结构遍历；Ruff检查	模块及关键符号审查	4310da613a79faccf6b4538622f8e3db187254df4a0a0ddc6cd2419a04cdbfec
tools/model-manifest/tests/test_cli.py	393	AST语法及结构遍历；Ruff检查	AST遍历及所属测试套件执行，未逐行人工审查	39d188f05ceb99a649f43e03c3a642a2167895042d8dd1d00cc143b5017b168f
tools/model-manifest/tests/test_credentials.py	152	AST语法及结构遍历；Ruff检查	AST遍历及所属测试套件执行，未逐行人工审查	0749d4ac811d257fcb154a82aecae7297f92ffcb0b3359b3a1c7dbef0843f444
tools/model-manifest/tests/test_discovery.py	272	AST语法及结构遍历；Ruff检查	AST遍历及所属测试套件执行，未逐行人工审查	3499916b79278b699c5d7d70592f205038fd208e565e50453bd019eecfb919bf
tools/model-manifest/tests/test_fake_hub_server.py	290	AST语法及结构遍历；Ruff检查	AST遍历及所属测试套件执行，未逐行人工审查	a55206fa3e67466241ed64de5329d79ee2f4a5a83ee0ad51f30f97ab5a09c804
tools/model-manifest/tests/test_generator.py	1341	AST语法及结构遍历；Ruff检查	实现或测试全文审查（generator/verifier分段合并）	e4602389be1eaec35682c25a83a7bc9b40c68dd17874bb859b6cd2e582371b1e
tools/model-manifest/tests/test_secret_safe_failures.py	138	AST语法及结构遍历；Ruff检查	AST遍历及所属测试套件执行，未逐行人工审查	19ebbdce1d9aa7847cfb679483e2baab20e3e14ad490ddbf2f20e1edb16e7787
tools/model-manifest/tests/test_selection.py	383	AST语法及结构遍历；Ruff检查	AST遍历及所属测试套件执行，未逐行人工审查	dbcbefb6babdb389fab50a7c9a5c1c96f92515ad11de5a18d40b073024692443
tools/model-manifest/tests/test_verifier.py	753	AST语法及结构遍历；Ruff检查	实现或测试全文审查（generator/verifier分段合并）	3dc4ba641563f9c59cc7229148248a0ba98d320fa2b66d44cf80016280d5946f
workers/ark/adapter.py	224	AST语法及结构遍历；Ruff检查	全文审查	0237c50996c2261b87122a21573e1deb25be4c174dfd7a52c7d1ec6261fddec2
workers/ark/healthcheck.py	17	AST语法及结构遍历；Ruff检查	全文审查	5db915f623b4dc0edeb49cb0416c09bbd9ca89dd65ed2341cd482a13c3d653b6
workers/ark/worker.py	15	AST语法及结构遍历；Ruff检查	全文审查	681a1a75c4538fb5c6e7ba9d4df09a94c054f54dbaabdcd3e198f69da5e87be8
workers/firered/adapter.py	663	AST语法及结构遍历；Ruff检查	全文审查	03db23bb45fdd93a0e0d10e7057feb61a592f44d578a1bac7b6399a83fda8b3f
workers/firered/healthcheck.py	24	AST语法及结构遍历；Ruff检查	全文审查	e6a9dee746c8cd3530fd5f7e3a04d6a4cd17a9f25c322ee75bf6cc8d437a0882
workers/firered/worker.py	15	AST语法及结构遍历；Ruff检查	全文审查	56050cae24cb05f1486d60130d314f1878a3c0a72fe7dd7d9c46034cbb1620b2
workers/funasr_experimental/adapter.py	196	AST语法及结构遍历；Ruff检查	全文审查	e8df9731a160fc1d8b3743c8ed7b2926019803a161c32af0d4b863e3fc4bad92
workers/funasr_experimental/healthcheck.py	17	AST语法及结构遍历；Ruff检查	全文审查	b0b777df46223d30ec169dad0770a996d09eaf7fe89d1013354554e5bffd8f26
workers/funasr_experimental/worker.py	15	AST语法及结构遍历；Ruff检查	全文审查	f811a4003605d7856f020252c9e76b5192b43f5aecd4bee1f576b7a50c476c2f
workers/granite/adapter.py	205	AST语法及结构遍历；Ruff检查	全文审查	93165cf27cd537e3ae2d846de65facdc7c5ad4f8cd915b5002a0a71cc94048f7
workers/granite/healthcheck.py	17	AST语法及结构遍历；Ruff检查	全文审查	73c7446f2705aac6b38c8db0fffb8934adf3b3d65dbb31205b54bf125229b5d9
workers/granite/worker.py	15	AST语法及结构遍历；Ruff检查	全文审查	82da77fb5939229f0ad70e93d6afb34e82cf444858b42d0f0aaa8321a8a98e4f
workers/moss_en/adapter.py	297	AST语法及结构遍历；Ruff检查	全文审查	e2bbb13420d4b09783154092ba604a38aa4bfc886eafb830d7660a6b38e37584
workers/moss_en/healthcheck.py	17	AST语法及结构遍历；Ruff检查	全文审查	c46ec72017b885229501974ba74973b0c539f597ef6c5555566f87a6dbb47abd
workers/moss_en/worker.py	15	AST语法及结构遍历；Ruff检查	全文审查	506b140b177b16c326dd00b1bec699528354a970250f12c9ea33cdb9463ced0a
workers/moss_td/adapter.py	328	AST语法及结构遍历；Ruff检查	全文审查	36970002cdaed44dd7d382967064a6492e0603946c4fd8d0c6979855cf05615d
workers/moss_td/healthcheck.py	23	AST语法及结构遍历；Ruff检查	全文审查	ebaf15657474c08db097e0ec77f45080d163a150e3582c0b963d747207b8e687
workers/moss_td/worker.py	15	AST语法及结构遍历；Ruff检查	全文审查	79899a4c269ccf8fff4c2712f05f9a7c9e9b2e1440097d2222f8109c7a176258
workers/nemotron/adapter.py	588	AST语法及结构遍历；Ruff检查	全文审查	27762ab981579256bc0903ad7c0fa25540bc24bcd792c99e4cf8c3da35f788dc
workers/nemotron/healthcheck.py	17	AST语法及结构遍历；Ruff检查	全文审查	6d89c6c28be8dcd7616621853cd4e4c95630b5e2595086a0c14346e0bef097ad
workers/nemotron/worker.py	15	AST语法及结构遍历；Ruff检查	全文审查	422715fa95a6046d6c5691b5b98193c3c3cadb214c8d8adff1123aac8842b03f
workers/pyannote/adapter.py	312	AST语法及结构遍历；Ruff检查	全文审查	1e03e2e4aacc6b0dca20b4fba08a5b50f1904cbc7525ae0233eae53fa8c18769
workers/pyannote/healthcheck.py	22	AST语法及结构遍历；Ruff检查	全文审查	7255b588393dd87325e815068eb0643fc1cdad0790ff109b47da902e8a446201
workers/pyannote/worker.py	15	AST语法及结构遍历；Ruff检查	全文审查	3e852594c08d193082953dfa1cc46d37a8203d7cc161617f6e7dcab46a8b64b1
workers/qwen/adapter.py	569	AST语法及结构遍历；Ruff检查	全文审查	e05b87173de06987b259f16f57f3bd7970c5007dad78775dfbb4850a5c75a6ba
workers/qwen/healthcheck.py	17	AST语法及结构遍历；Ruff检查	全文审查	93d9dc6dd4426074a0359e31ccd1529d76a3b668eed6ebd99b963a0feaf5cd02
workers/qwen/worker.py	15	AST语法及结构遍历；Ruff检查	全文审查	5d2a0b1b6206dfbd2ac129389bda34022ba8201cbc7c5382747c6824f2cac920
workers/vibevoice/adapter.py	18	AST语法及结构遍历；Ruff检查	全文审查	a39906d8f56f7b9cfbdf14a46b680b11c70e83569fb21673e2a04c6237d6cd74
workers/vibevoice/healthcheck.py	15	AST语法及结构遍历；Ruff检查	全文审查	44dfb8debba6f14490a0b8123ca0cdaab11b325259420ce59d4e8f0e6c4866e9
workers/vibevoice/worker.py	8	AST语法及结构遍历；Ruff检查	全文审查	4cd3fa4400ca2c73fa39eb1697cd7ad083b01fe072ae55e9be334128e3f5d770
workers/voxtral/adapter.py	17	AST语法及结构遍历；Ruff检查	全文审查	3ee9c37f7ac01cef5cc1d2eab0f8ae4dc1c577b95692a925d3cad3b166f15969
workers/voxtral/healthcheck.py	15	AST语法及结构遍历；Ruff检查	全文审查	f8cce97e4d212b6055bdb3b525ca1326d892dfd9651e1ae97c602447e55909fd
workers/voxtral/worker.py	8	AST语法及结构遍历；Ruff检查	全文审查	e5591fc1878dac1a7dbfe8d6a86f650f0e0f6404488ea7d7a70b58682b9b291e
